Axial Position x, Normalized Nozzle Radius r
-5.000,2.500000
-4.994,2.496915
-4.987,2.493831
-4.981,2.490746
-4.974,2.487661
-4.968,2.484577
-4.961,2.481492
-4.955,2.478407
-4.949,2.475323
-4.942,2.472238
-4.936,2.469153
-4.929,2.466068
-4.923,2.462984
-4.916,2.459899
-4.910,2.456814
-4.904,2.453730
-4.897,2.450645
-4.891,2.447560
-4.884,2.444476
-4.878,2.441391
-4.871,2.438306
-4.865,2.435222
-4.859,2.432137
-4.852,2.429052
-4.846,2.425968
-4.839,2.422883
-4.833,2.419798
-4.826,2.416714
-4.820,2.413629
-4.814,2.410544
-4.807,2.407459
-4.801,2.404375
-4.794,2.401290
-4.788,2.398205
-4.782,2.395121
-4.775,2.392036
-4.769,2.388951
-4.762,2.385867
-4.756,2.382782
-4.749,2.379697
-4.743,2.376613
-4.737,2.373528
-4.730,2.370443
-4.724,2.367359
-4.717,2.364274
-4.711,2.361189
-4.704,2.358105
-4.698,2.355020
-4.692,2.351935
-4.685,2.348850
-4.679,2.345766
-4.672,2.342681
-4.666,2.339596
-4.659,2.336512
-4.653,2.333427
-4.647,2.330342
-4.640,2.327258
-4.634,2.324173
-4.627,2.321088
-4.621,2.318004
-4.614,2.314919
-4.608,2.311834
-4.602,2.308750
-4.595,2.305665
-4.589,2.302580
-4.582,2.299495
-4.576,2.296411
-4.569,2.293326
-4.563,2.290241
-4.557,2.287157
-4.550,2.284072
-4.544,2.280987
-4.537,2.277903
-4.531,2.274818
-4.524,2.271733
-4.518,2.268649
-4.512,2.265564
-4.505,2.262479
-4.499,2.259395
-4.492,2.256310
-4.486,2.253225
-4.479,2.250141
-4.473,2.247056
-4.467,2.243971
-4.460,2.240886
-4.454,2.237802
-4.447,2.234717
-4.441,2.231632
-4.434,2.228548
-4.428,2.225463
-4.422,2.222378
-4.415,2.219294
-4.409,2.216209
-4.402,2.213124
-4.396,2.210040
-4.389,2.206955
-4.383,2.203870
-4.377,2.200786
-4.370,2.197701
-4.364,2.194616
-4.357,2.191532
-4.351,2.188447
-4.345,2.185362
-4.338,2.182277
-4.332,2.179193
-4.325,2.176108
-4.319,2.173023
-4.312,2.169939
-4.306,2.166854
-4.300,2.163769
-4.293,2.160685
-4.287,2.157600
-4.280,2.154515
-4.274,2.151431
-4.267,2.148346
-4.261,2.145261
-4.255,2.142177
-4.248,2.139092
-4.242,2.136007
-4.235,2.132923
-4.229,2.129838
-4.222,2.126753
-4.216,2.123668
-4.210,2.120584
-4.203,2.117499
-4.197,2.114414
-4.190,2.111330
-4.184,2.108245
-4.177,2.105160
-4.171,2.102076
-4.165,2.098991
-4.158,2.095906
-4.152,2.092822
-4.145,2.089737
-4.139,2.086652
-4.132,2.083568
-4.126,2.080483
-4.120,2.077398
-4.113,2.074314
-4.107,2.071229
-4.100,2.068144
-4.094,2.065059
-4.087,2.061975
-4.081,2.058890
-4.075,2.055805
-4.068,2.052721
-4.062,2.049636
-4.055,2.046551
-4.049,2.043467
-4.042,2.040382
-4.036,2.037297
-4.030,2.034213
-4.023,2.031128
-4.017,2.028043
-4.010,2.024959
-4.004,2.021874
-3.997,2.018789
-3.991,2.015705
-3.985,2.012620
-3.978,2.009535
-3.972,2.006450
-3.965,2.003366
-3.959,2.000281
-3.952,1.997196
-3.946,1.994112
-3.940,1.991027
-3.933,1.987942
-3.927,1.984858
-3.920,1.981773
-3.914,1.978688
-3.908,1.975604
-3.901,1.972519
-3.895,1.969434
-3.888,1.966350
-3.882,1.963265
-3.875,1.960180
-3.869,1.957095
-3.863,1.954011
-3.856,1.950926
-3.850,1.947841
-3.843,1.944757
-3.837,1.941672
-3.830,1.938587
-3.824,1.935503
-3.818,1.932418
-3.811,1.929333
-3.805,1.926249
-3.798,1.923164
-3.792,1.920079
-3.785,1.916995
-3.779,1.913910
-3.773,1.910825
-3.766,1.907741
-3.760,1.904656
-3.753,1.901571
-3.747,1.898486
-3.740,1.895402
-3.734,1.892317
-3.728,1.889232
-3.721,1.886148
-3.715,1.883063
-3.708,1.879978
-3.702,1.876894
-3.695,1.873809
-3.689,1.870724
-3.683,1.867640
-3.676,1.864555
-3.670,1.861470
-3.663,1.858386
-3.657,1.855301
-3.650,1.852216
-3.644,1.849132
-3.638,1.846047
-3.631,1.842962
-3.625,1.839877
-3.618,1.836793
-3.612,1.833708
-3.605,1.830623
-3.599,1.827539
-3.593,1.824454
-3.586,1.821369
-3.580,1.818285
-3.573,1.815200
-3.567,1.812115
-3.560,1.809031
-3.554,1.805946
-3.548,1.802861
-3.541,1.799777
-3.535,1.796692
-3.528,1.793607
-3.522,1.790523
-3.515,1.787438
-3.509,1.784353
-3.503,1.781268
-3.496,1.778184
-3.490,1.775099
-3.483,1.772014
-3.477,1.768930
-3.471,1.765845
-3.464,1.762760
-3.458,1.759676
-3.451,1.756591
-3.445,1.753506
-3.438,1.750422
-3.432,1.747337
-3.426,1.744252
-3.419,1.741168
-3.413,1.738083
-3.406,1.734998
-3.400,1.731914
-3.393,1.728829
-3.387,1.725744
-3.381,1.722659
-3.374,1.719575
-3.368,1.716490
-3.361,1.713405
-3.355,1.710321
-3.348,1.707236
-3.342,1.704151
-3.336,1.701067
-3.329,1.697982
-3.323,1.694897
-3.316,1.691813
-3.310,1.688728
-3.303,1.685643
-3.297,1.682559
-3.291,1.679474
-3.284,1.676389
-3.278,1.673305
-3.271,1.670220
-3.265,1.667135
-3.258,1.664050
-3.252,1.660966
-3.246,1.657881
-3.239,1.654796
-3.233,1.651712
-3.226,1.648627
-3.220,1.645542
-3.213,1.642458
-3.207,1.639373
-3.201,1.636288
-3.194,1.633204
-3.188,1.630119
-3.181,1.627034
-3.175,1.623950
-3.168,1.620865
-3.162,1.617780
-3.156,1.614695
-3.149,1.611611
-3.143,1.608526
-3.136,1.605441
-3.130,1.602357
-3.123,1.599272
-3.117,1.596187
-3.111,1.593103
-3.104,1.590018
-3.098,1.586933
-3.091,1.583849
-3.085,1.580764
-3.078,1.577679
-3.072,1.574595
-3.066,1.571510
-3.059,1.568425
-3.053,1.565341
-3.046,1.562256
-3.040,1.559171
-3.034,1.556086
-3.027,1.553002
-3.021,1.549917
-3.014,1.546832
-3.008,1.543748
-3.001,1.540663
-2.995,1.537578
-2.989,1.534494
-2.982,1.531409
-2.976,1.528324
-2.969,1.525240
-2.963,1.522155
-2.956,1.519070
-2.950,1.515986
-2.944,1.512901
-2.937,1.509816
-2.931,1.506732
-2.924,1.503647
-2.918,1.500562
-2.911,1.497477
-2.905,1.494393
-2.899,1.491308
-2.892,1.488223
-2.886,1.485139
-2.879,1.482054
-2.873,1.478969
-2.866,1.475885
-2.860,1.472800
-2.854,1.469715
-2.847,1.466631
-2.841,1.463546
-2.834,1.460461
-2.828,1.457377
-2.821,1.454292
-2.815,1.451207
-2.809,1.448123
-2.802,1.445038
-2.796,1.441953
-2.789,1.438868
-2.783,1.435784
-2.776,1.432699
-2.770,1.429614
-2.764,1.426530
-2.757,1.423445
-2.751,1.420360
-2.744,1.417276
-2.738,1.414191
-2.731,1.411106
-2.725,1.408022
-2.719,1.404937
-2.712,1.401852
-2.706,1.398768
-2.699,1.395683
-2.693,1.392598
-2.686,1.389514
-2.680,1.386429
-2.674,1.383344
-2.667,1.380259
-2.661,1.377175
-2.654,1.374090
-2.648,1.371005
-2.642,1.367921
-2.635,1.364836
-2.629,1.361751
-2.622,1.358667
-2.616,1.355582
-2.609,1.352497
-2.603,1.349413
-2.597,1.346328
-2.590,1.343243
-2.584,1.340159
-2.577,1.337074
-2.571,1.333989
-2.564,1.330905
-2.558,1.327820
-2.552,1.324735
-2.545,1.321650
-2.539,1.318566
-2.532,1.315481
-2.526,1.312396
-2.519,1.309312
-2.513,1.306227
-2.507,1.303142
-2.500,1.300058
-2.494,1.296973
-2.487,1.293888
-2.481,1.290804
-2.474,1.287719
-2.468,1.284634
-2.462,1.281550
-2.455,1.278465
-2.449,1.275380
-2.442,1.272295
-2.436,1.269211
-2.429,1.266126
-2.423,1.263041
-2.417,1.259957
-2.410,1.256872
-2.404,1.253787
-2.397,1.250703
-2.391,1.247618
-2.384,1.244533
-2.378,1.241449
-2.372,1.238364
-2.365,1.235279
-2.359,1.232195
-2.352,1.229110
-2.346,1.226025
-2.339,1.222941
-2.333,1.219856
-2.327,1.216771
-2.320,1.213686
-2.314,1.210602
-2.307,1.207517
-2.301,1.204432
-2.294,1.201348
-2.288,1.198263
-2.282,1.195178
-2.275,1.192094
-2.269,1.189009
-2.262,1.185924
-2.256,1.182840
-2.249,1.179755
-2.243,1.176670
-2.237,1.173586
-2.230,1.170501
-2.224,1.167416
-2.217,1.164332
-2.211,1.161247
-2.205,1.158162
-2.198,1.155077
-2.192,1.151993
-2.185,1.148908
-2.179,1.145823
-2.172,1.142739
-2.166,1.139654
-2.160,1.136569
-2.153,1.133485
-2.147,1.130400
-2.140,1.127315
-2.134,1.124231
-2.127,1.121146
-2.121,1.118061
-2.115,1.114977
-2.108,1.111892
-2.102,1.108807
-2.095,1.105723
-2.089,1.102638
-2.082,1.099553
-2.076,1.096468
-2.070,1.093384
-2.063,1.090299
-2.057,1.087214
-2.050,1.084130
-2.044,1.081045
-2.037,1.077960
-2.031,1.074876
-2.025,1.071791
-2.018,1.068706
-2.012,1.065622
-2.005,1.062537
-1.999,1.059452
-1.992,1.056368
-1.986,1.053283
-1.980,1.050198
-1.973,1.047114
-1.967,1.044029
-1.960,1.040944
-1.954,1.037859
-1.947,1.034775
-1.941,1.031690
-1.935,1.028605
-1.928,1.025521
-1.922,1.022436
-1.915,1.019351
-1.909,1.016267
-1.902,1.013182
-1.896,1.010097
-1.890,1.007013
-1.883,1.003928
-1.877,1.000843
-1.870,0.997759
-1.864,0.994674
-1.857,0.991589
-1.851,0.988505
-1.845,0.985420
-1.838,0.982335
-1.832,0.979250
-1.825,0.976166
-1.819,0.973081
-1.812,0.969996
-1.806,0.966912
-1.800,0.963827
-1.793,0.960742
-1.787,0.957658
-1.780,0.954573
-1.774,0.951488
-1.768,0.948404
-1.761,0.945319
-1.755,0.942234
-1.748,0.939150
-1.742,0.936065
-1.735,0.932980
-1.729,0.929895
-1.723,0.926811
-1.716,0.923726
-1.710,0.920641
-1.703,0.917557
-1.697,0.914472
-1.690,0.911387
-1.684,0.908303
-1.678,0.905218
-1.671,0.902133
-1.665,0.899049
-1.658,0.895964
-1.652,0.892879
-1.645,0.889795
-1.639,0.886710
-1.633,0.883625
-1.626,0.880541
-1.620,0.877456
-1.613,0.874371
-1.607,0.871286
-1.600,0.868202
-1.594,0.865117
-1.588,0.862032
-1.581,0.858948
-1.575,0.855863
-1.568,0.852778
-1.562,0.849694
-1.555,0.846609
-1.549,0.843524
-1.543,0.840440
-1.536,0.837355
-1.530,0.834270
-1.523,0.831186
-1.517,0.828101
-1.510,0.825016
-1.504,0.821932
-1.498,0.818847
-1.491,0.815762
-1.485,0.812677
-1.478,0.809593
-1.472,0.806508
-1.465,0.803423
-1.459,0.800339
-1.453,0.797254
-1.446,0.794169
-1.440,0.791085
-1.433,0.788000
-1.427,0.784915
-1.420,0.781831
-1.414,0.778746
-1.408,0.775661
-1.401,0.772577
-1.395,0.769492
-1.388,0.766407
-1.382,0.763323
-1.375,0.760238
-1.369,0.757153
-1.363,0.754068
-1.356,0.750984
-1.350,0.747899
-1.343,0.744814
-1.337,0.741730
-1.331,0.738645
-1.324,0.735560
-1.318,0.732476
-1.311,0.729391
-1.305,0.726306
-1.298,0.723222
-1.292,0.720137
-1.286,0.717052
-1.279,0.713968
-1.273,0.710883
-1.266,0.707798
-1.260,0.704714
-1.253,0.701629
-1.247,0.698544
-1.241,0.695459
-1.234,0.692375
-1.228,0.689290
-1.221,0.686205
-1.215,0.683121
-1.208,0.680036
-1.202,0.676951
-1.196,0.673867
-1.189,0.670782
-1.183,0.667697
-1.176,0.664613
-1.170,0.661528
-1.163,0.658443
-1.157,0.655359
-1.151,0.652274
-1.144,0.649189
-1.138,0.646105
-1.131,0.643020
-1.125,0.639935
-1.118,0.636850
-1.112,0.633766
-1.106,0.630681
-1.099,0.627596
-1.093,0.624512
-1.086,0.621427
-1.080,0.618342
-1.073,0.615258
-1.067,0.612173
-1.061,0.609088
-1.054,0.606004
-1.048,0.602919
-1.041,0.599834
-1.035,0.596750
-1.028,0.593665
-1.022,0.590580
-1.016,0.587495
-1.009,0.584411
-1.003,0.581326
-0.996,0.578241
-0.990,0.575157
-0.983,0.572072
-0.977,0.568987
-0.971,0.565903
-0.964,0.562818
-0.958,0.559733
-0.951,0.556649
-0.945,0.553564
-0.938,0.550479
-0.932,0.547395
-0.926,0.544310
-0.919,0.541225
-0.913,0.538141
-0.906,0.535056
-0.900,0.531971
-0.894,0.528886
-0.887,0.525802
-0.881,0.522717
-0.874,0.519632
-0.868,0.516548
-0.861,0.513463
-0.855,0.510378
-0.849,0.507294
-0.842,0.504209
-0.836,0.501124
-0.829,0.498040
-0.823,0.494955
-0.816,0.491870
-0.810,0.488786
-0.804,0.485701
-0.797,0.482616
-0.791,0.479532
-0.784,0.476447
-0.778,0.473362
-0.771,0.470277
-0.765,0.467193
-0.759,0.464108
-0.752,0.461023
-0.746,0.457939
-0.739,0.454854
-0.733,0.451769
-0.726,0.448685
-0.720,0.445600
-0.714,0.442515
-0.707,0.439431
-0.701,0.436346
-0.694,0.433261
-0.688,0.430177
-0.681,0.427092
-0.675,0.424007
-0.669,0.420923
-0.662,0.417838
-0.656,0.414753
-0.649,0.411668
-0.643,0.408584
-0.636,0.405499
-0.630,0.402414
-0.624,0.399330
-0.617,0.396245
-0.611,0.393160
-0.604,0.390076
-0.598,0.386991
-0.591,0.383906
-0.585,0.380822
-0.579,0.377737
-0.572,0.374652
-0.566,0.371568
-0.559,0.368483
-0.553,0.365398
-0.546,0.362314
-0.540,0.359229
-0.534,0.356144
-0.527,0.353059
-0.521,0.349975
-0.514,0.346890
-0.508,0.343805
-0.502,0.340721
-0.495,0.337636
-0.489,0.334551
-0.482,0.331467
-0.476,0.328382
-0.469,0.325297
-0.463,0.322213
-0.457,0.319128
-0.450,0.316043
-0.444,0.312959
-0.437,0.309874
-0.431,0.306789
-0.424,0.303705
-0.418,0.300620
-0.412,0.297535
-0.405,0.294450
-0.399,0.291366
-0.392,0.288281
-0.386,0.285196
-0.379,0.282112
-0.373,0.279027
-0.367,0.275942
-0.360,0.272858
-0.354,0.269773
-0.347,0.266688
-0.341,0.263604
-0.334,0.260519
-0.328,0.257434
-0.322,0.254350
-0.315,0.251265
-0.309,0.248180
-0.302,0.245095
-0.296,0.242011
-0.289,0.238926
-0.283,0.235841
-0.277,0.232757
-0.270,0.229672
-0.264,0.226587
-0.257,0.223503
-0.251,0.220418
-0.244,0.217333
-0.238,0.214249
-0.232,0.211164
-0.225,0.208079
-0.219,0.204995
-0.212,0.201910
-0.206,0.198825
-0.199,0.195741
-0.193,0.192656
-0.187,0.189571
-0.180,0.186486
-0.174,0.183402
-0.167,0.180317
-0.161,0.177232
-0.154,0.174148
-0.148,0.171063
-0.142,0.167978
-0.135,0.164894
-0.129,0.161809
-0.122,0.158724
-0.116,0.155640
-0.109,0.152555
-0.103,0.149470
-0.097,0.146386
-0.090,0.143301
-0.084,0.140216
-0.077,0.137132
-0.071,0.134047
-0.065,0.130962
-0.058,0.127877
-0.052,0.124793
-0.045,0.121708
-0.039,0.118623
-0.032,0.115539
-0.026,0.112454
-0.020,0.109369
-0.013,0.106285
-0.007,0.103200
-0.000,0.100115
0.006,0.105751
0.013,0.111724
0.019,0.117698
0.025,0.123672
0.032,0.129646
0.038,0.135620
0.045,0.141594
0.051,0.147568
0.058,0.153541
0.064,0.159515
0.070,0.165489
0.077,0.171463
0.083,0.177437
0.090,0.183411
0.096,0.189385
0.103,0.195358
0.109,0.201332
0.115,0.207306
0.122,0.213280
0.128,0.219254
0.135,0.225228
0.141,0.231202
0.148,0.237175
0.154,0.243149
0.160,0.249123
0.167,0.255097
0.173,0.261071
0.180,0.267045
0.186,0.273019
0.193,0.278993
0.199,0.284966
0.205,0.290940
0.212,0.296914
0.218,0.302888
0.225,0.308862
0.231,0.314836
0.238,0.320810
0.244,0.326783
0.250,0.332757
0.257,0.338731
0.263,0.344705
0.270,0.350679
0.276,0.356653
0.283,0.362627
0.289,0.368600
0.295,0.374574
0.302,0.380548
0.308,0.386522
0.315,0.392496
0.321,0.398470
0.328,0.404444
0.334,0.410417
0.340,0.416391
0.347,0.422365
0.353,0.428339
0.360,0.434313
0.366,0.440287
0.372,0.446261
0.379,0.452234
0.385,0.458208
0.392,0.464182
0.398,0.470156
0.405,0.476130
0.411,0.482104
0.417,0.488078
0.424,0.494052
0.430,0.500025
0.437,0.505999
0.443,0.511973
0.450,0.517947
0.456,0.523921
0.462,0.529895
0.469,0.535869
0.475,0.541842
0.482,0.547816
0.488,0.553790
0.495,0.559764
0.501,0.565738
0.507,0.571712
0.514,0.577686
0.520,0.583659
0.527,0.589633
0.533,0.595607
0.540,0.601581
0.546,0.607555
0.552,0.613529
0.559,0.619503
0.565,0.625476
0.572,0.631450
0.578,0.637424
0.585,0.643398
0.591,0.649372
0.597,0.655346
0.604,0.661320
0.610,0.667293
0.617,0.673267
0.623,0.679241
0.630,0.685215
0.636,0.691189
0.642,0.697163
0.649,0.703137
0.655,0.709111
0.662,0.715084
0.668,0.721058
0.675,0.727032
0.681,0.733006
0.687,0.738980
0.694,0.744954
0.700,0.750928
0.707,0.756901
0.713,0.762875
0.720,0.768849
0.726,0.774823
0.732,0.780797
0.739,0.786771
0.745,0.792745
0.752,0.798718
0.758,0.804692
0.765,0.810666
0.771,0.816640
0.777,0.822614
0.784,0.828588
0.790,0.834562
0.797,0.840535
0.803,0.846509
0.809,0.852483
0.816,0.858457
0.822,0.864431
0.829,0.870405
0.835,0.876379
0.842,0.882352
0.848,0.888326
0.854,0.894300
0.861,0.900274
0.867,0.906248
0.874,0.912222
0.880,0.918196
0.887,0.924170
0.893,0.930143
0.899,0.936117
0.906,0.942091
0.912,0.948065
0.919,0.954039
0.925,0.960013
0.932,0.965987
0.938,0.971960
0.944,0.977934
0.951,0.983908
0.957,0.989882
0.964,0.995856
0.970,1.001830
0.977,1.007804
0.983,1.013777
0.989,1.019751
0.996,1.025725
1.002,1.031699
1.009,1.037673
1.015,1.043647
1.022,1.049621
1.028,1.055594
1.034,1.061568
1.041,1.067542
1.047,1.073516
1.054,1.079490
1.060,1.085464
1.067,1.091438
1.073,1.097411
1.079,1.103385
1.086,1.109359
1.092,1.115333
1.099,1.121307
1.105,1.127281
1.112,1.133255
1.118,1.139229
1.124,1.145202
1.131,1.151176
1.137,1.157150
1.144,1.163124
1.150,1.169098
1.157,1.175072
1.163,1.181046
1.169,1.187019
1.176,1.192993
1.182,1.198967
1.189,1.204941
1.195,1.210915
1.202,1.216889
1.208,1.222863
1.214,1.228836
1.221,1.234810
1.227,1.240784
1.234,1.246758
1.240,1.252732
1.246,1.258706
1.253,1.264680
1.259,1.270653
1.266,1.276627
1.272,1.282601
1.279,1.288575
1.285,1.294549
1.291,1.300523
1.298,1.306497
1.304,1.312470
1.311,1.318444
1.317,1.324418
1.324,1.330392
1.330,1.336366
1.336,1.342340
1.343,1.348314
1.349,1.354288
1.356,1.360261
1.362,1.366235
1.369,1.372209
1.375,1.378183
1.381,1.384157
1.388,1.390131
1.394,1.396105
1.401,1.402078
1.407,1.408052
1.414,1.414026
1.420,1.420000
